,0,1,2,3,4
0,-1.4424151395354234,-0.21164049883310954,-0.3103299600590866,0.6605373387670747,0.0
1,-0.868574175445045,0.3512654716418232,-0.2423072033756441,0.2135505429740606,1.0
2,-0.868574175445045,0.3512654716418232,-0.2423072033756441,0.2135505429740606,1.0
3,1.7935818289180154,-1.123528638348709,-0.9802506538121246,0.6366789986066584,1.0
4,-0.7075565128034367,-1.3314264413773842,0.6463604554505854,-0.5829766335818647,0.0
5,-0.533682487342424,0.9594215822038719,-1.1281311998743706,-0.2663229249421273,0.0
6,-0.22194546651565908,0.37598315299510465,-0.5359496648036918,-1.0923545714265355,1.0
7,-1.276442749975355,-0.5723237112367019,0.03603477104697628,-0.5048109062669845,0.0
8,0.27745860013921453,-0.308278688369539,-0.6819075581560473,-0.6338162184688161,0.0
9,1.4839928532723496,-1.5773360010097137,-0.5169552896177511,-0.024382599039239738,1.0
10,1.4839928532723496,-1.5773360010097137,-0.5169552896177511,-0.024382599039239738,1.0
11,1.7935818289180154,-1.123528638348709,-0.9802506538121246,0.6366789986066584,1.0
12,-0.05180118441080614,0.30448784719270144,-0.15689423750100356,1.6415117128842043,1.0
13,0.36258649116954117,-0.49550269350983195,1.3583446760031732,-0.023748175203080563,1.0
14,0.27745860013921453,-0.308278688369539,-0.6819075581560473,-0.6338162184688161,0.0
15,1.4839928532723496,-1.5773360010097137,-0.5169552896177511,-0.024382599039239738,1.0
16,0.36258649116954117,-0.49550269350983195,1.3583446760031732,-0.023748175203080563,1.0
17,1.4839928532723496,-1.5773360010097137,-0.5169552896177511,-0.024382599039239738,1.0
18,-1.4550891243350579,0.550125402667412,0.3254459670418233,0.5553222703773305,0.0
19,1.4839928532723496,-1.5773360010097137,-0.5169552896177511,-0.024382599039239738,1.0
20,-0.533682487342424,0.9594215822038719,-1.1281311998743706,-0.2663229249421273,0.0
21,-0.05180118441080614,0.30448784719270144,-0.15689423750100356,1.6415117128842043,1.0
22,-0.36446849088243427,-0.08461251665641129,-0.16065166479795778,-0.3550002304799438,0.0
23,0.27745860013921453,-0.308278688369539,-0.6819075581560473,-0.6338162184688161,0.0
24,2.6705189660727435,0.8006057309411426,0.836173489096172,-0.07984552484674394,1.0
25,-0.22194546651565908,0.37598315299510465,-0.5359496648036918,-1.0923545714265355,1.0
26,0.7001762835626448,2.6261242849118864,0.07101988133701628,-0.22962648618800865,1.0
27,-0.05180118441080614,0.30448784719270144,-0.15689423750100356,1.6415117128842043,1.0
28,0.36258649116954117,-0.49550269350983195,1.3583446760031732,-0.023748175203080563,1.0
29,-0.05180118441080614,0.30448784719270144,-0.15689423750100356,1.6415117128842043,1.0
30,0.36258649116954117,-0.49550269350983195,1.3583446760031732,-0.023748175203080563,1.0
31,2.6705189660727435,0.8006057309411426,0.836173489096172,-0.07984552484674394,1.0
32,-0.36446849088243427,-0.08461251665641129,-0.16065166479795778,-0.3550002304799438,0.0
33,-1.4424151395354234,-0.21164049883310954,-0.3103299600590866,0.6605373387670747,0.0
34,-0.8915252951712133,-0.34639684971734164,0.9076688895478068,0.09285502728493614,0.0
35,-0.8915252951712133,-0.34639684971734164,0.9076688895478068,0.09285502728493614,0.0
36,0.27745860013921453,-0.308278688369539,-0.6819075581560473,-0.6338162184688161,0.0
37,-0.533682487342424,0.9594215822038719,-1.1281311998743706,-0.2663229249421273,0.0
38,-0.7075565128034367,-1.3314264413773842,0.6463604554505854,-0.5829766335818647,0.0
39,-0.533682487342424,0.9594215822038719,-1.1281311998743706,-0.2663229249421273,0.0
40,-0.22194546651565908,0.37598315299510465,-0.5359496648036918,-1.0923545714265355,1.0
41,-0.05180118441080614,0.30448784719270144,-0.15689423750100356,1.6415117128842043,1.0
42,-0.868574175445045,0.3512654716418232,-0.2423072033756441,0.2135505429740606,1.0
43,-0.8915252951712133,-0.34639684971734164,0.9076688895478068,0.09285502728493614,0.0
44,0.36258649116954117,-0.49550269350983195,1.3583446760031732,-0.023748175203080563,1.0
45,0.27745860013921453,-0.308278688369539,-0.6819075581560473,-0.6338162184688161,0.0
46,-0.868574175445045,0.3512654716418232,-0.2423072033756441,0.2135505429740606,1.0
47,0.36258649116954117,-0.49550269350983195,1.3583446760031732,-0.023748175203080563,1.0
48,-0.22194546651565908,0.37598315299510465,-0.5359496648036918,-1.0923545714265355,1.0
49,-1.276442749975355,-0.5723237112367019,0.03603477104697628,-0.5048109062669845,0.0
50,0.7001762835626448,2.6261242849118864,0.07101988133701628,-0.22962648618800865,1.0
51,-1.4424151395354234,-0.21164049883310954,-0.3103299600590866,0.6605373387670747,0.0
52,-1.4550891243350579,0.550125402667412,0.3254459670418233,0.5553222703773305,0.0
53,-1.276442749975355,-0.5723237112367019,0.03603477104697628,-0.5048109062669845,0.0
54,0.36258649116954117,-0.49550269350983195,1.3583446760031732,-0.023748175203080563,1.0
55,1.7935818289180154,-1.123528638348709,-0.9802506538121246,0.6366789986066584,1.0
56,-0.22194546651565908,0.37598315299510465,-0.5359496648036918,-1.0923545714265355,1.0
57,1.7935818289180154,-1.123528638348709,-0.9802506538121246,0.6366789986066584,1.0
58,-0.533682487342424,0.9594215822038719,-1.1281311998743706,-0.2663229249421273,0.0
59,1.7935818289180154,-1.123528638348709,-0.9802506538121246,0.6366789986066584,1.0
60,-0.36446849088243427,-0.08461251665641129,-0.16065166479795778,-0.3550002304799438,0.0
61,0.27745860013921453,-0.308278688369539,-0.6819075581560473,-0.6338162184688161,0.0
62,-0.05180118441080614,0.30448784719270144,-0.15689423750100356,1.6415117128842043,1.0
63,-0.868574175445045,0.3512654716418232,-0.2423072033756441,0.2135505429740606,1.0
64,-0.05180118441080614,0.30448784719270144,-0.15689423750100356,1.6415117128842043,1.0
65,0.5251856032823459,0.08303256650480019,0.5323293024741249,-0.007571620450919818,1.0
66,1.4839928532723496,-1.5773360010097137,-0.5169552896177511,-0.024382599039239738,1.0
67,-0.05180118441080614,0.30448784719270144,-0.15689423750100356,1.6415117128842043,1.0
68,-1.4424151395354234,-0.21164049883310954,-0.3103299600590866,0.6605373387670747,0.0
69,2.6705189660727435,0.8006057309411426,0.836173489096172,-0.07984552484674394,1.0
70,-1.276442749975355,-0.5723237112367019,0.03603477104697628,-0.5048109062669845,0.0
71,-0.868574175445045,0.3512654716418232,-0.2423072033756441,0.2135505429740606,1.0
72,-0.8915252951712133,-0.34639684971734164,0.9076688895478068,0.09285502728493614,0.0
73,0.27745860013921453,-0.308278688369539,-0.6819075581560473,-0.6338162184688161,0.0
74,0.27745860013921453,-0.308278688369539,-0.6819075581560473,-0.6338162184688161,0.0
75,1.7935818289180154,-1.123528638348709,-0.9802506538121246,0.6366789986066584,1.0
76,2.6705189660727435,0.8006057309411426,0.836173489096172,-0.07984552484674394,1.0
77,0.7001762835626448,2.6261242849118864,0.07101988133701628,-0.22962648618800865,1.0
78,-1.4550891243350579,0.550125402667412,0.3254459670418233,0.5553222703773305,0.0
79,0.36258649116954117,-0.49550269350983195,1.3583446760031732,-0.023748175203080563,1.0
80,-0.868574175445045,0.3512654716418232,-0.2423072033756441,0.2135505429740606,1.0
81,0.36258649116954117,-0.49550269350983195,1.3583446760031732,-0.023748175203080563,1.0
82,-0.8915252951712133,-0.34639684971734164,0.9076688895478068,0.09285502728493614,0.0
83,1.4839928532723496,-1.5773360010097137,-0.5169552896177511,-0.024382599039239738,1.0
84,-0.8915252951712133,-0.34639684971734164,0.9076688895478068,0.09285502728493614,0.0
85,-1.4424151395354234,-0.21164049883310954,-0.3103299600590866,0.6605373387670747,0.0
86,-0.36446849088243427,-0.08461251665641129,-0.16065166479795778,-0.3550002304799438,0.0
87,0.5251856032823459,0.08303256650480019,0.5323293024741249,-0.007571620450919818,1.0
88,-1.276442749975355,-0.5723237112367019,0.03603477104697628,-0.5048109062669845,0.0
89,0.5251856032823459,0.08303256650480019,0.5323293024741249,-0.007571620450919818,1.0
90,-0.533682487342424,0.9594215822038719,-1.1281311998743706,-0.2663229249421273,0.0
91,2.6705189660727435,0.8006057309411426,0.836173489096172,-0.07984552484674394,1.0
92,-0.22194546651565908,0.37598315299510465,-0.5359496648036918,-1.0923545714265355,1.0
93,-1.276442749975355,-0.5723237112367019,0.03603477104697628,-0.5048109062669845,0.0
94,0.7001762835626448,2.6261242849118864,0.07101988133701628,-0.22962648618800865,1.0
95,0.27745860013921453,-0.308278688369539,-0.6819075581560473,-0.6338162184688161,0.0
96,1.7935818289180154,-1.123528638348709,-0.9802506538121246,0.6366789986066584,1.0
97,-0.868574175445045,0.3512654716418232,-0.2423072033756441,0.2135505429740606,1.0
98,0.36258649116954117,-0.49550269350983195,1.3583446760031732,-0.023748175203080563,1.0
99,-0.22194546651565908,0.37598315299510465,-0.5359496648036918,-1.0923545714265355,1.0
100,2.6705189660727435,0.8006057309411426,0.836173489096172,-0.07984552484674394,1.0
101,0.27745860013921453,-0.308278688369539,-0.6819075581560473,-0.6338162184688161,0.0
102,0.5251856032823459,0.08303256650480019,0.5323293024741249,-0.007571620450919818,1.0
103,-0.533682487342424,0.9594215822038719,-1.1281311998743706,-0.2663229249421273,0.0
104,2.6705189660727435,0.8006057309411426,0.836173489096172,-0.07984552484674394,1.0
105,-1.4550891243350579,0.550125402667412,0.3254459670418233,0.5553222703773305,0.0
106,-0.7075565128034367,-1.3314264413773842,0.6463604554505854,-0.5829766335818647,0.0
107,-0.8915252951712133,-0.34639684971734164,0.9076688895478068,0.09285502728493614,0.0
108,0.27745860013921453,-0.308278688369539,-0.6819075581560473,-0.6338162184688161,0.0
109,-1.4550891243350579,0.550125402667412,0.3254459670418233,0.5553222703773305,0.0
110,-0.868574175445045,0.3512654716418232,-0.2423072033756441,0.2135505429740606,1.0
111,2.6705189660727435,0.8006057309411426,0.836173489096172,-0.07984552484674394,1.0
112,-1.276442749975355,-0.5723237112367019,0.03603477104697628,-0.5048109062669845,0.0
113,0.27745860013921453,-0.308278688369539,-0.6819075581560473,-0.6338162184688161,0.0
114,-0.868574175445045,0.3512654716418232,-0.2423072033756441,0.2135505429740606,1.0
115,0.36258649116954117,-0.49550269350983195,1.3583446760031732,-0.023748175203080563,1.0
116,0.5251856032823459,0.08303256650480019,0.5323293024741249,-0.007571620450919818,1.0
117,-0.05180118441080614,0.30448784719270144,-0.15689423750100356,1.6415117128842043,1.0
118,-0.7075565128034367,-1.3314264413773842,0.6463604554505854,-0.5829766335818647,0.0
119,-1.4424151395354234,-0.21164049883310954,-0.3103299600590866,0.6605373387670747,0.0
120,0.36258649116954117,-0.49550269350983195,1.3583446760031732,-0.023748175203080563,1.0
121,-0.868574175445045,0.3512654716418232,-0.2423072033756441,0.2135505429740606,1.0
122,2.6705189660727435,0.8006057309411426,0.836173489096172,-0.07984552484674394,1.0
123,-0.7075565128034367,-1.3314264413773842,0.6463604554505854,-0.5829766335818647,0.0
124,-1.4550891243350579,0.550125402667412,0.3254459670418233,0.5553222703773305,0.0
125,-0.533682487342424,0.9594215822038719,-1.1281311998743706,-0.2663229249421273,0.0
126,-0.36446849088243427,-0.08461251665641129,-0.16065166479795778,-0.3550002304799438,0.0
127,0.5251856032823459,0.08303256650480019,0.5323293024741249,-0.007571620450919818,1.0
128,-0.533682487342424,0.9594215822038719,-1.1281311998743706,-0.2663229249421273,0.0
129,1.7935818289180154,-1.123528638348709,-0.9802506538121246,0.6366789986066584,1.0
130,-0.36446849088243427,-0.08461251665641129,-0.16065166479795778,-0.3550002304799438,0.0
131,1.4839928532723496,-1.5773360010097137,-0.5169552896177511,-0.024382599039239738,1.0
132,-0.7075565128034367,-1.3314264413773842,0.6463604554505854,-0.5829766335818647,0.0
133,-0.22194546651565908,0.37598315299510465,-0.5359496648036918,-1.0923545714265355,1.0
134,1.4839928532723496,-1.5773360010097137,-0.5169552896177511,-0.024382599039239738,1.0
135,-0.05180118441080614,0.30448784719270144,-0.15689423750100356,1.6415117128842043,1.0
136,-1.4424151395354234,-0.21164049883310954,-0.3103299600590866,0.6605373387670747,0.0
137,1.7935818289180154,-1.123528638348709,-0.9802506538121246,0.6366789986066584,1.0
138,-0.36446849088243427,-0.08461251665641129,-0.16065166479795778,-0.3550002304799438,0.0
139,2.6705189660727435,0.8006057309411426,0.836173489096172,-0.07984552484674394,1.0
140,-0.05180118441080614,0.30448784719270144,-0.15689423750100356,1.6415117128842043,1.0
141,-0.533682487342424,0.9594215822038719,-1.1281311998743706,-0.2663229249421273,0.0
142,0.5251856032823459,0.08303256650480019,0.5323293024741249,-0.007571620450919818,1.0
143,-0.22194546651565908,0.37598315299510465,-0.5359496648036918,-1.0923545714265355,1.0
144,0.5251856032823459,0.08303256650480019,0.5323293024741249,-0.007571620450919818,1.0
145,2.6705189660727435,0.8006057309411426,0.836173489096172,-0.07984552484674394,1.0
146,0.5251856032823459,0.08303256650480019,0.5323293024741249,-0.007571620450919818,1.0
147,1.7935818289180154,-1.123528638348709,-0.9802506538121246,0.6366789986066584,1.0
148,-0.868574175445045,0.3512654716418232,-0.2423072033756441,0.2135505429740606,1.0
149,-0.36446849088243427,-0.08461251665641129,-0.16065166479795778,-0.3550002304799438,0.0
150,0.36258649116954117,-0.49550269350983195,1.3583446760031732,-0.023748175203080563,1.0
151,1.4839928532723496,-1.5773360010097137,-0.5169552896177511,-0.024382599039239738,1.0
152,-0.36446849088243427,-0.08461251665641129,-0.16065166479795778,-0.3550002304799438,0.0
153,-0.533682487342424,0.9594215822038719,-1.1281311998743706,-0.2663229249421273,0.0
154,0.5251856032823459,0.08303256650480019,0.5323293024741249,-0.007571620450919818,1.0
155,2.6705189660727435,0.8006057309411426,0.836173489096172,-0.07984552484674394,1.0
156,-1.4550891243350579,0.550125402667412,0.3254459670418233,0.5553222703773305,0.0
157,-0.7075565128034367,-1.3314264413773842,0.6463604554505854,-0.5829766335818647,0.0
158,-0.533682487342424,0.9594215822038719,-1.1281311998743706,-0.2663229249421273,0.0
159,0.27745860013921453,-0.308278688369539,-0.6819075581560473,-0.6338162184688161,0.0
160,0.27745860013921453,-0.308278688369539,-0.6819075581560473,-0.6338162184688161,0.0
161,-1.276442749975355,-0.5723237112367019,0.03603477104697628,-0.5048109062669845,0.0
162,-0.05180118441080614,0.30448784719270144,-0.15689423750100356,1.6415117128842043,1.0
163,-0.8915252951712133,-0.34639684971734164,0.9076688895478068,0.09285502728493614,0.0
164,-1.276442749975355,-0.5723237112367019,0.03603477104697628,-0.5048109062669845,0.0
165,0.7001762835626448,2.6261242849118864,0.07101988133701628,-0.22962648618800865,1.0
166,0.36258649116954117,-0.49550269350983195,1.3583446760031732,-0.023748175203080563,1.0
167,-0.22194546651565908,0.37598315299510465,-0.5359496648036918,-1.0923545714265355,1.0
168,-0.36446849088243427,-0.08461251665641129,-0.16065166479795778,-0.3550002304799438,0.0
169,-1.4550891243350579,0.550125402667412,0.3254459670418233,0.5553222703773305,0.0
170,-0.22194546651565908,0.37598315299510465,-0.5359496648036918,-1.0923545714265355,1.0
171,-0.8915252951712133,-0.34639684971734164,0.9076688895478068,0.09285502728493614,0.0
172,-1.4550891243350579,0.550125402667412,0.3254459670418233,0.5553222703773305,0.0
173,-1.276442749975355,-0.5723237112367019,0.03603477104697628,-0.5048109062669845,0.0
174,-0.22194546651565908,0.37598315299510465,-0.5359496648036918,-1.0923545714265355,1.0
175,0.7001762835626448,2.6261242849118864,0.07101988133701628,-0.22962648618800865,1.0
176,-0.533682487342424,0.9594215822038719,-1.1281311998743706,-0.2663229249421273,0.0
177,1.4839928532723496,-1.5773360010097137,-0.5169552896177511,-0.024382599039239738,1.0
178,0.5251856032823459,0.08303256650480019,0.5323293024741249,-0.007571620450919818,1.0
179,0.7001762835626448,2.6261242849118864,0.07101988133701628,-0.22962648618800865,1.0
180,2.6705189660727435,0.8006057309411426,0.836173489096172,-0.07984552484674394,1.0
181,1.7935818289180154,-1.123528638348709,-0.9802506538121246,0.6366789986066584,1.0
182,-0.7075565128034367,-1.3314264413773842,0.6463604554505854,-0.5829766335818647,0.0
183,-0.8915252951712133,-0.34639684971734164,0.9076688895478068,0.09285502728493614,0.0
184,-0.22194546651565908,0.37598315299510465,-0.5359496648036918,-1.0923545714265355,1.0
185,-0.22194546651565908,0.37598315299510465,-0.5359496648036918,-1.0923545714265355,1.0
186,-0.05180118441080614,0.30448784719270144,-0.15689423750100356,1.6415117128842043,1.0
187,-1.4424151395354234,-0.21164049883310954,-0.3103299600590866,0.6605373387670747,0.0
188,-0.05180118441080614,0.30448784719270144,-0.15689423750100356,1.6415117128842043,1.0
189,-0.22194546651565908,0.37598315299510465,-0.5359496648036918,-1.0923545714265355,1.0
190,2.6705189660727435,0.8006057309411426,0.836173489096172,-0.07984552484674394,1.0
191,0.36258649116954117,-0.49550269350983195,1.3583446760031732,-0.023748175203080563,1.0
192,0.36258649116954117,-0.49550269350983195,1.3583446760031732,-0.023748175203080563,1.0
193,-0.8915252951712133,-0.34639684971734164,0.9076688895478068,0.09285502728493614,0.0
194,-1.4424151395354234,-0.21164049883310954,-0.3103299600590866,0.6605373387670747,0.0
195,0.5251856032823459,0.08303256650480019,0.5323293024741249,-0.007571620450919818,1.0
196,0.7001762835626448,2.6261242849118864,0.07101988133701628,-0.22962648618800865,1.0
197,-0.05180118441080614,0.30448784719270144,-0.15689423750100356,1.6415117128842043,1.0
198,1.7935818289180154,-1.123528638348709,-0.9802506538121246,0.6366789986066584,1.0
199,-1.4424151395354234,-0.21164049883310954,-0.3103299600590866,0.6605373387670747,0.0
200,0.36258649116954117,-0.49550269350983195,1.3583446760031732,-0.023748175203080563,1.0
201,-0.8915252951712133,-0.34639684971734164,0.9076688895478068,0.09285502728493614,0.0
202,-0.868574175445045,0.3512654716418232,-0.2423072033756441,0.2135505429740606,1.0
203,-1.276442749975355,-0.5723237112367019,0.03603477104697628,-0.5048109062669845,0.0
204,0.27745860013921453,-0.308278688369539,-0.6819075581560473,-0.6338162184688161,0.0
205,-0.868574175445045,0.3512654716418232,-0.2423072033756441,0.2135505429740606,1.0
206,0.36258649116954117,-0.49550269350983195,1.3583446760031732,-0.023748175203080563,1.0
207,-0.8915252951712133,-0.34639684971734164,0.9076688895478068,0.09285502728493614,0.0
208,0.27745860013921453,-0.308278688369539,-0.6819075581560473,-0.6338162184688161,0.0
209,-0.533682487342424,0.9594215822038719,-1.1281311998743706,-0.2663229249421273,0.0
210,-0.05180118441080614,0.30448784719270144,-0.15689423750100356,1.6415117128842043,1.0
211,0.27745860013921453,-0.308278688369539,-0.6819075581560473,-0.6338162184688161,0.0
212,1.4839928532723496,-1.5773360010097137,-0.5169552896177511,-0.024382599039239738,1.0
213,0.27745860013921453,-0.308278688369539,-0.6819075581560473,-0.6338162184688161,0.0
214,-1.4550891243350579,0.550125402667412,0.3254459670418233,0.5553222703773305,0.0
215,1.7935818289180154,-1.123528638348709,-0.9802506538121246,0.6366789986066584,1.0
216,-0.868574175445045,0.3512654716418232,-0.2423072033756441,0.2135505429740606,1.0
217,-0.533682487342424,0.9594215822038719,-1.1281311998743706,-0.2663229249421273,0.0
218,-0.533682487342424,0.9594215822038719,-1.1281311998743706,-0.2663229249421273,0.0
219,-1.4424151395354234,-0.21164049883310954,-0.3103299600590866,0.6605373387670747,0.0
220,2.6705189660727435,0.8006057309411426,0.836173489096172,-0.07984552484674394,1.0
221,-1.4424151395354234,-0.21164049883310954,-0.3103299600590866,0.6605373387670747,0.0
222,-0.8915252951712133,-0.34639684971734164,0.9076688895478068,0.09285502728493614,0.0
223,-1.276442749975355,-0.5723237112367019,0.03603477104697628,-0.5048109062669845,0.0
224,-1.4550891243350579,0.550125402667412,0.3254459670418233,0.5553222703773305,0.0
225,0.5251856032823459,0.08303256650480019,0.5323293024741249,-0.007571620450919818,1.0
226,1.7935818289180154,-1.123528638348709,-0.9802506538121246,0.6366789986066584,1.0
227,-0.533682487342424,0.9594215822038719,-1.1281311998743706,-0.2663229249421273,0.0
228,0.7001762835626448,2.6261242849118864,0.07101988133701628,-0.22962648618800865,1.0
229,0.5251856032823459,0.08303256650480019,0.5323293024741249,-0.007571620450919818,1.0
230,-0.7075565128034367,-1.3314264413773842,0.6463604554505854,-0.5829766335818647,0.0
231,-1.4550891243350579,0.550125402667412,0.3254459670418233,0.5553222703773305,0.0
232,1.7935818289180154,-1.123528638348709,-0.9802506538121246,0.6366789986066584,1.0
233,-0.05180118441080614,0.30448784719270144,-0.15689423750100356,1.6415117128842043,1.0
234,0.27745860013921453,-0.308278688369539,-0.6819075581560473,-0.6338162184688161,0.0
235,-0.22194546651565908,0.37598315299510465,-0.5359496648036918,-1.0923545714265355,1.0
236,2.6705189660727435,0.8006057309411426,0.836173489096172,-0.07984552484674394,1.0
237,-0.05180118441080614,0.30448784719270144,-0.15689423750100356,1.6415117128842043,1.0
238,-0.8915252951712133,-0.34639684971734164,0.9076688895478068,0.09285502728493614,0.0
239,-0.8915252951712133,-0.34639684971734164,0.9076688895478068,0.09285502728493614,0.0
240,1.7935818289180154,-1.123528638348709,-0.9802506538121246,0.6366789986066584,1.0
241,0.7001762835626448,2.6261242849118864,0.07101988133701628,-0.22962648618800865,1.0
242,-0.7075565128034367,-1.3314264413773842,0.6463604554505854,-0.5829766335818647,0.0
243,0.27745860013921453,-0.308278688369539,-0.6819075581560473,-0.6338162184688161,0.0
244,0.7001762835626448,2.6261242849118864,0.07101988133701628,-0.22962648618800865,1.0
245,-0.36446849088243427,-0.08461251665641129,-0.16065166479795778,-0.3550002304799438,0.0
246,-0.8915252951712133,-0.34639684971734164,0.9076688895478068,0.09285502728493614,0.0
247,0.7001762835626448,2.6261242849118864,0.07101988133701628,-0.22962648618800865,1.0
248,-1.276442749975355,-0.5723237112367019,0.03603477104697628,-0.5048109062669845,0.0
249,-1.276442749975355,-0.5723237112367019,0.03603477104697628,-0.5048109062669845,0.0
250,-0.7075565128034367,-1.3314264413773842,0.6463604554505854,-0.5829766335818647,0.0
251,0.36258649116954117,-0.49550269350983195,1.3583446760031732,-0.023748175203080563,1.0
252,-0.22194546651565908,0.37598315299510465,-0.5359496648036918,-1.0923545714265355,1.0
253,1.4839928532723496,-1.5773360010097137,-0.5169552896177511,-0.024382599039239738,1.0
254,-0.05180118441080614,0.30448784719270144,-0.15689423750100356,1.6415117128842043,1.0
255,0.27745860013921453,-0.308278688369539,-0.6819075581560473,-0.6338162184688161,0.0
256,-0.533682487342424,0.9594215822038719,-1.1281311998743706,-0.2663229249421273,0.0
257,1.4839928532723496,-1.5773360010097137,-0.5169552896177511,-0.024382599039239738,1.0
258,-1.4550891243350579,0.550125402667412,0.3254459670418233,0.5553222703773305,0.0
259,1.4839928532723496,-1.5773360010097137,-0.5169552896177511,-0.024382599039239738,1.0
260,-0.533682487342424,0.9594215822038719,-1.1281311998743706,-0.2663229249421273,0.0
261,-0.36446849088243427,-0.08461251665641129,-0.16065166479795778,-0.3550002304799438,0.0
262,0.36258649116954117,-0.49550269350983195,1.3583446760031732,-0.023748175203080563,1.0
263,-1.4424151395354234,-0.21164049883310954,-0.3103299600590866,0.6605373387670747,0.0
264,-1.4424151395354234,-0.21164049883310954,-0.3103299600590866,0.6605373387670747,0.0
265,-0.7075565128034367,-1.3314264413773842,0.6463604554505854,-0.5829766335818647,0.0
266,1.7935818289180154,-1.123528638348709,-0.9802506538121246,0.6366789986066584,1.0
267,-0.7075565128034367,-1.3314264413773842,0.6463604554505854,-0.5829766335818647,0.0
268,0.36258649116954117,-0.49550269350983195,1.3583446760031732,-0.023748175203080563,1.0
269,-0.22194546651565908,0.37598315299510465,-0.5359496648036918,-1.0923545714265355,1.0
270,1.4839928532723496,-1.5773360010097137,-0.5169552896177511,-0.024382599039239738,1.0
271,-0.36446849088243427,-0.08461251665641129,-0.16065166479795778,-0.3550002304799438,0.0
272,-1.4424151395354234,-0.21164049883310954,-0.3103299600590866,0.6605373387670747,0.0
273,-1.4550891243350579,0.550125402667412,0.3254459670418233,0.5553222703773305,0.0
274,-1.276442749975355,-0.5723237112367019,0.03603477104697628,-0.5048109062669845,0.0
275,-1.4550891243350579,0.550125402667412,0.3254459670418233,0.5553222703773305,0.0
276,-1.4550891243350579,0.550125402667412,0.3254459670418233,0.5553222703773305,0.0
277,-0.533682487342424,0.9594215822038719,-1.1281311998743706,-0.2663229249421273,0.0
278,0.5251856032823459,0.08303256650480019,0.5323293024741249,-0.007571620450919818,1.0
279,0.5251856032823459,0.08303256650480019,0.5323293024741249,-0.007571620450919818,1.0
280,0.7001762835626448,2.6261242849118864,0.07101988133701628,-0.22962648618800865,1.0
281,-0.533682487342424,0.9594215822038719,-1.1281311998743706,-0.2663229249421273,0.0
282,2.6705189660727435,0.8006057309411426,0.836173489096172,-0.07984552484674394,1.0
283,-0.05180118441080614,0.30448784719270144,-0.15689423750100356,1.6415117128842043,1.0
284,0.5251856032823459,0.08303256650480019,0.5323293024741249,-0.007571620450919818,1.0
285,-0.533682487342424,0.9594215822038719,-1.1281311998743706,-0.2663229249421273,0.0
286,-0.36446849088243427,-0.08461251665641129,-0.16065166479795778,-0.3550002304799438,0.0
287,1.4839928532723496,-1.5773360010097137,-0.5169552896177511,-0.024382599039239738,1.0
288,-1.4424151395354234,-0.21164049883310954,-0.3103299600590866,0.6605373387670747,0.0
289,-1.4424151395354234,-0.21164049883310954,-0.3103299600590866,0.6605373387670747,0.0
290,-0.8915252951712133,-0.34639684971734164,0.9076688895478068,0.09285502728493614,0.0
291,-1.276442749975355,-0.5723237112367019,0.03603477104697628,-0.5048109062669845,0.0
292,-0.05180118441080614,0.30448784719270144,-0.15689423750100356,1.6415117128842043,1.0
293,-0.7075565128034367,-1.3314264413773842,0.6463604554505854,-0.5829766335818647,0.0
294,1.7935818289180154,-1.123528638348709,-0.9802506538121246,0.6366789986066584,1.0
295,-0.8915252951712133,-0.34639684971734164,0.9076688895478068,0.09285502728493614,0.0
296,2.6705189660727435,0.8006057309411426,0.836173489096172,-0.07984552484674394,1.0
297,-0.22194546651565908,0.37598315299510465,-0.5359496648036918,-1.0923545714265355,1.0
298,0.5251856032823459,0.08303256650480019,0.5323293024741249,-0.007571620450919818,1.0
299,-0.8915252951712133,-0.34639684971734164,0.9076688895478068,0.09285502728493614,0.0
300,1.7935818289180154,-1.123528638348709,-0.9802506538121246,0.6366789986066584,1.0
301,0.7001762835626448,2.6261242849118864,0.07101988133701628,-0.22962648618800865,1.0
302,0.36258649116954117,-0.49550269350983195,1.3583446760031732,-0.023748175203080563,1.0
303,-0.22194546651565908,0.37598315299510465,-0.5359496648036918,-1.0923545714265355,1.0
304,-0.7075565128034367,-1.3314264413773842,0.6463604554505854,-0.5829766335818647,0.0
305,2.6705189660727435,0.8006057309411426,0.836173489096172,-0.07984552484674394,1.0
306,-1.4550891243350579,0.550125402667412,0.3254459670418233,0.5553222703773305,0.0
307,-0.8915252951712133,-0.34639684971734164,0.9076688895478068,0.09285502728493614,0.0
308,-1.276442749975355,-0.5723237112367019,0.03603477104697628,-0.5048109062669845,0.0
309,-0.7075565128034367,-1.3314264413773842,0.6463604554505854,-0.5829766335818647,0.0
310,1.7935818289180154,-1.123528638348709,-0.9802506538121246,0.6366789986066584,1.0
311,-0.533682487342424,0.9594215822038719,-1.1281311998743706,-0.2663229249421273,0.0
312,-1.4424151395354234,-0.21164049883310954,-0.3103299600590866,0.6605373387670747,0.0
313,-0.36446849088243427,-0.08461251665641129,-0.16065166479795778,-0.3550002304799438,0.0
314,0.5251856032823459,0.08303256650480019,0.5323293024741249,-0.007571620450919818,1.0
315,0.7001762835626448,2.6261242849118864,0.07101988133701628,-0.22962648618800865,1.0
316,2.6705189660727435,0.8006057309411426,0.836173489096172,-0.07984552484674394,1.0
317,-0.36446849088243427,-0.08461251665641129,-0.16065166479795778,-0.3550002304799438,0.0
318,-0.868574175445045,0.3512654716418232,-0.2423072033756441,0.2135505429740606,1.0
319,0.36258649116954117,-0.49550269350983195,1.3583446760031732,-0.023748175203080563,1.0
320,0.27745860013921453,-0.308278688369539,-0.6819075581560473,-0.6338162184688161,0.0
321,1.4839928532723496,-1.5773360010097137,-0.5169552896177511,-0.024382599039239738,1.0
322,-0.05180118441080614,0.30448784719270144,-0.15689423750100356,1.6415117128842043,1.0
323,1.7935818289180154,-1.123528638348709,-0.9802506538121246,0.6366789986066584,1.0
324,1.7935818289180154,-1.123528638348709,-0.9802506538121246,0.6366789986066584,1.0
325,2.6705189660727435,0.8006057309411426,0.836173489096172,-0.07984552484674394,1.0
326,-0.8915252951712133,-0.34639684971734164,0.9076688895478068,0.09285502728493614,0.0
327,-0.7075565128034367,-1.3314264413773842,0.6463604554505854,-0.5829766335818647,0.0
328,1.4839928532723496,-1.5773360010097137,-0.5169552896177511,-0.024382599039239738,1.0
329,-0.05180118441080614,0.30448784719270144,-0.15689423750100356,1.6415117128842043,1.0
330,-0.533682487342424,0.9594215822038719,-1.1281311998743706,-0.2663229249421273,0.0
331,-1.4550891243350579,0.550125402667412,0.3254459670418233,0.5553222703773305,0.0
332,1.4839928532723496,-1.5773360010097137,-0.5169552896177511,-0.024382599039239738,1.0
333,1.7935818289180154,-1.123528638348709,-0.9802506538121246,0.6366789986066584,1.0
334,-0.36446849088243427,-0.08461251665641129,-0.16065166479795778,-0.3550002304799438,0.0
335,-0.533682487342424,0.9594215822038719,-1.1281311998743706,-0.2663229249421273,0.0
336,-0.22194546651565908,0.37598315299510465,-0.5359496648036918,-1.0923545714265355,1.0
337,-1.4424151395354234,-0.21164049883310954,-0.3103299600590866,0.6605373387670747,0.0
338,1.4839928532723496,-1.5773360010097137,-0.5169552896177511,-0.024382599039239738,1.0
339,2.6705189660727435,0.8006057309411426,0.836173489096172,-0.07984552484674394,1.0
340,-1.4550891243350579,0.550125402667412,0.3254459670418233,0.5553222703773305,0.0
341,-1.276442749975355,-0.5723237112367019,0.03603477104697628,-0.5048109062669845,0.0
342,-1.276442749975355,-0.5723237112367019,0.03603477104697628,-0.5048109062669845,0.0
343,-1.276442749975355,-0.5723237112367019,0.03603477104697628,-0.5048109062669845,0.0
344,-0.868574175445045,0.3512654716418232,-0.2423072033756441,0.2135505429740606,1.0
345,-0.533682487342424,0.9594215822038719,-1.1281311998743706,-0.2663229249421273,0.0
346,-0.36446849088243427,-0.08461251665641129,-0.16065166479795778,-0.3550002304799438,0.0
347,-0.36446849088243427,-0.08461251665641129,-0.16065166479795778,-0.3550002304799438,0.0
348,0.5251856032823459,0.08303256650480019,0.5323293024741249,-0.007571620450919818,1.0
349,-1.276442749975355,-0.5723237112367019,0.03603477104697628,-0.5048109062669845,0.0
350,-0.05180118441080614,0.30448784719270144,-0.15689423750100356,1.6415117128842043,1.0
351,0.7001762835626448,2.6261242849118864,0.07101988133701628,-0.22962648618800865,1.0
352,0.27745860013921453,-0.308278688369539,-0.6819075581560473,-0.6338162184688161,0.0
353,0.5251856032823459,0.08303256650480019,0.5323293024741249,-0.007571620450919818,1.0
354,1.4839928532723496,-1.5773360010097137,-0.5169552896177511,-0.024382599039239738,1.0
355,-1.276442749975355,-0.5723237112367019,0.03603477104697628,-0.5048109062669845,0.0
356,-0.22194546651565908,0.37598315299510465,-0.5359496648036918,-1.0923545714265355,1.0
357,-1.4424151395354234,-0.21164049883310954,-0.3103299600590866,0.6605373387670747,0.0
358,-1.4424151395354234,-0.21164049883310954,-0.3103299600590866,0.6605373387670747,0.0
359,-1.276442749975355,-0.5723237112367019,0.03603477104697628,-0.5048109062669845,0.0
360,-1.4550891243350579,0.550125402667412,0.3254459670418233,0.5553222703773305,0.0
361,-0.22194546651565908,0.37598315299510465,-0.5359496648036918,-1.0923545714265355,1.0
362,-0.533682487342424,0.9594215822038719,-1.1281311998743706,-0.2663229249421273,0.0
363,0.27745860013921453,-0.308278688369539,-0.6819075581560473,-0.6338162184688161,0.0
364,0.36258649116954117,-0.49550269350983195,1.3583446760031732,-0.023748175203080563,1.0
365,-0.868574175445045,0.3512654716418232,-0.2423072033756441,0.2135505429740606,1.0
366,0.7001762835626448,2.6261242849118864,0.07101988133701628,-0.22962648618800865,1.0
367,-1.4424151395354234,-0.21164049883310954,-0.3103299600590866,0.6605373387670747,0.0
368,-0.868574175445045,0.3512654716418232,-0.2423072033756441,0.2135505429740606,1.0
369,0.7001762835626448,2.6261242849118864,0.07101988133701628,-0.22962648618800865,1.0
370,-0.868574175445045,0.3512654716418232,-0.2423072033756441,0.2135505429740606,1.0
371,-0.22194546651565908,0.37598315299510465,-0.5359496648036918,-1.0923545714265355,1.0
372,0.36258649116954117,-0.49550269350983195,1.3583446760031732,-0.023748175203080563,1.0
373,-0.7075565128034367,-1.3314264413773842,0.6463604554505854,-0.5829766335818647,0.0
374,-1.4424151395354234,-0.21164049883310954,-0.3103299600590866,0.6605373387670747,0.0
375,-1.4550891243350579,0.550125402667412,0.3254459670418233,0.5553222703773305,0.0
376,0.27745860013921453,-0.308278688369539,-0.6819075581560473,-0.6338162184688161,0.0
377,1.7935818289180154,-1.123528638348709,-0.9802506538121246,0.6366789986066584,1.0
378,-0.7075565128034367,-1.3314264413773842,0.6463604554505854,-0.5829766335818647,0.0
379,0.36258649116954117,-0.49550269350983195,1.3583446760031732,-0.023748175203080563,1.0
380,0.27745860013921453,-0.308278688369539,-0.6819075581560473,-0.6338162184688161,0.0
381,-0.22194546651565908,0.37598315299510465,-0.5359496648036918,-1.0923545714265355,1.0
382,0.27745860013921453,-0.308278688369539,-0.6819075581560473,-0.6338162184688161,0.0
383,2.6705189660727435,0.8006057309411426,0.836173489096172,-0.07984552484674394,1.0
384,-0.868574175445045,0.3512654716418232,-0.2423072033756441,0.2135505429740606,1.0
385,0.7001762835626448,2.6261242849118864,0.07101988133701628,-0.22962648618800865,1.0
386,-0.868574175445045,0.3512654716418232,-0.2423072033756441,0.2135505429740606,1.0
387,-0.7075565128034367,-1.3314264413773842,0.6463604554505854,-0.5829766335818647,0.0
388,-0.22194546651565908,0.37598315299510465,-0.5359496648036918,-1.0923545714265355,1.0
389,1.4839928532723496,-1.5773360010097137,-0.5169552896177511,-0.024382599039239738,1.0
390,-0.8915252951712133,-0.34639684971734164,0.9076688895478068,0.09285502728493614,0.0
391,-1.4424151395354234,-0.21164049883310954,-0.3103299600590866,0.6605373387670747,0.0
392,1.7935818289180154,-1.123528638348709,-0.9802506538121246,0.6366789986066584,1.0
393,1.7935818289180154,-1.123528638348709,-0.9802506538121246,0.6366789986066584,1.0
394,-1.4550891243350579,0.550125402667412,0.3254459670418233,0.5553222703773305,0.0
395,-0.7075565128034367,-1.3314264413773842,0.6463604554505854,-0.5829766335818647,0.0
396,2.6705189660727435,0.8006057309411426,0.836173489096172,-0.07984552484674394,1.0
397,-0.868574175445045,0.3512654716418232,-0.2423072033756441,0.2135505429740606,1.0
398,-0.36446849088243427,-0.08461251665641129,-0.16065166479795778,-0.3550002304799438,0.0
399,-1.276442749975355,-0.5723237112367019,0.03603477104697628,-0.5048109062669845,0.0
400,0.7001762835626448,2.6261242849118864,0.07101988133701628,-0.22962648618800865,1.0
401,-0.533682487342424,0.9594215822038719,-1.1281311998743706,-0.2663229249421273,0.0
402,-0.8915252951712133,-0.34639684971734164,0.9076688895478068,0.09285502728493614,0.0
403,-0.7075565128034367,-1.3314264413773842,0.6463604554505854,-0.5829766335818647,0.0
404,-0.868574175445045,0.3512654716418232,-0.2423072033756441,0.2135505429740606,1.0
405,-0.22194546651565908,0.37598315299510465,-0.5359496648036918,-1.0923545714265355,1.0
406,1.4839928532723496,-1.5773360010097137,-0.5169552896177511,-0.024382599039239738,1.0
407,-0.533682487342424,0.9594215822038719,-1.1281311998743706,-0.2663229249421273,0.0
408,-0.36446849088243427,-0.08461251665641129,-0.16065166479795778,-0.3550002304799438,0.0
409,1.7935818289180154,-1.123528638348709,-0.9802506538121246,0.6366789986066584,1.0
410,-0.05180118441080614,0.30448784719270144,-0.15689423750100356,1.6415117128842043,1.0
411,-0.36446849088243427,-0.08461251665641129,-0.16065166479795778,-0.3550002304799438,0.0
412,-0.7075565128034367,-1.3314264413773842,0.6463604554505854,-0.5829766335818647,0.0
413,2.6705189660727435,0.8006057309411426,0.836173489096172,-0.07984552484674394,1.0
414,-0.36446849088243427,-0.08461251665641129,-0.16065166479795778,-0.3550002304799438,0.0
415,-0.36446849088243427,-0.08461251665641129,-0.16065166479795778,-0.3550002304799438,0.0
416,-0.05180118441080614,0.30448784719270144,-0.15689423750100356,1.6415117128842043,1.0
417,0.7001762835626448,2.6261242849118864,0.07101988133701628,-0.22962648618800865,1.0
418,-0.8915252951712133,-0.34639684971734164,0.9076688895478068,0.09285502728493614,0.0
419,-0.868574175445045,0.3512654716418232,-0.2423072033756441,0.2135505429740606,1.0
420,2.6705189660727435,0.8006057309411426,0.836173489096172,-0.07984552484674394,1.0
421,-0.8915252951712133,-0.34639684971734164,0.9076688895478068,0.09285502728493614,0.0
422,-0.36446849088243427,-0.08461251665641129,-0.16065166479795778,-0.3550002304799438,0.0
423,-0.7075565128034367,-1.3314264413773842,0.6463604554505854,-0.5829766335818647,0.0
424,-0.533682487342424,0.9594215822038719,-1.1281311998743706,-0.2663229249421273,0.0
425,0.7001762835626448,2.6261242849118864,0.07101988133701628,-0.22962648618800865,1.0
426,-0.8915252951712133,-0.34639684971734164,0.9076688895478068,0.09285502728493614,0.0
427,-1.276442749975355,-0.5723237112367019,0.03603477104697628,-0.5048109062669845,0.0
428,-1.4550891243350579,0.550125402667412,0.3254459670418233,0.5553222703773305,0.0
429,1.4839928532723496,-1.5773360010097137,-0.5169552896177511,-0.024382599039239738,1.0
430,-0.36446849088243427,-0.08461251665641129,-0.16065166479795778,-0.3550002304799438,0.0
431,0.27745860013921453,-0.308278688369539,-0.6819075581560473,-0.6338162184688161,0.0
432,-1.4424151395354234,-0.21164049883310954,-0.3103299600590866,0.6605373387670747,0.0
433,0.5251856032823459,0.08303256650480019,0.5323293024741249,-0.007571620450919818,1.0
434,-0.36446849088243427,-0.08461251665641129,-0.16065166479795778,-0.3550002304799438,0.0
435,-0.868574175445045,0.3512654716418232,-0.2423072033756441,0.2135505429740606,1.0
436,2.6705189660727435,0.8006057309411426,0.836173489096172,-0.07984552484674394,1.0
437,-0.868574175445045,0.3512654716418232,-0.2423072033756441,0.2135505429740606,1.0
438,1.4839928532723496,-1.5773360010097137,-0.5169552896177511,-0.024382599039239738,1.0
439,1.7935818289180154,-1.123528638348709,-0.9802506538121246,0.6366789986066584,1.0
440,0.5251856032823459,0.08303256650480019,0.5323293024741249,-0.007571620450919818,1.0
441,-0.05180118441080614,0.30448784719270144,-0.15689423750100356,1.6415117128842043,1.0
442,0.36258649116954117,-0.49550269350983195,1.3583446760031732,-0.023748175203080563,1.0
443,0.7001762835626448,2.6261242849118864,0.07101988133701628,-0.22962648618800865,1.0
444,-1.276442749975355,-0.5723237112367019,0.03603477104697628,-0.5048109062669845,0.0
445,-1.4550891243350579,0.550125402667412,0.3254459670418233,0.5553222703773305,0.0
446,0.36258649116954117,-0.49550269350983195,1.3583446760031732,-0.023748175203080563,1.0
447,-0.868574175445045,0.3512654716418232,-0.2423072033756441,0.2135505429740606,1.0
448,-0.36446849088243427,-0.08461251665641129,-0.16065166479795778,-0.3550002304799438,0.0
449,-0.36446849088243427,-0.08461251665641129,-0.16065166479795778,-0.3550002304799438,0.0
450,1.7935818289180154,-1.123528638348709,-0.9802506538121246,0.6366789986066584,1.0
451,0.5251856032823459,0.08303256650480019,0.5323293024741249,-0.007571620450919818,1.0
452,2.6705189660727435,0.8006057309411426,0.836173489096172,-0.07984552484674394,1.0
453,0.5251856032823459,0.08303256650480019,0.5323293024741249,-0.007571620450919818,1.0
454,-0.8915252951712133,-0.34639684971734164,0.9076688895478068,0.09285502728493614,0.0
455,0.7001762835626448,2.6261242849118864,0.07101988133701628,-0.22962648618800865,1.0
456,-0.22194546651565908,0.37598315299510465,-0.5359496648036918,-1.0923545714265355,1.0
457,1.4839928532723496,-1.5773360010097137,-0.5169552896177511,-0.024382599039239738,1.0
458,-0.05180118441080614,0.30448784719270144,-0.15689423750100356,1.6415117128842043,1.0
459,1.4839928532723496,-1.5773360010097137,-0.5169552896177511,-0.024382599039239738,1.0
460,0.7001762835626448,2.6261242849118864,0.07101988133701628,-0.22962648618800865,1.0
461,-1.4424151395354234,-0.21164049883310954,-0.3103299600590866,0.6605373387670747,0.0
462,-1.4550891243350579,0.550125402667412,0.3254459670418233,0.5553222703773305,0.0
463,-0.05180118441080614,0.30448784719270144,-0.15689423750100356,1.6415117128842043,1.0
464,-0.533682487342424,0.9594215822038719,-1.1281311998743706,-0.2663229249421273,0.0
465,-1.276442749975355,-0.5723237112367019,0.03603477104697628,-0.5048109062669845,0.0
466,0.7001762835626448,2.6261242849118864,0.07101988133701628,-0.22962648618800865,1.0
467,0.5251856032823459,0.08303256650480019,0.5323293024741249,-0.007571620450919818,1.0
468,0.7001762835626448,2.6261242849118864,0.07101988133701628,-0.22962648618800865,1.0
469,2.6705189660727435,0.8006057309411426,0.836173489096172,-0.07984552484674394,1.0
470,2.6705189660727435,0.8006057309411426,0.836173489096172,-0.07984552484674394,1.0
471,-1.4550891243350579,0.550125402667412,0.3254459670418233,0.5553222703773305,0.0
472,-0.05180118441080614,0.30448784719270144,-0.15689423750100356,1.6415117128842043,1.0
473,0.7001762835626448,2.6261242849118864,0.07101988133701628,-0.22962648618800865,1.0
474,0.27745860013921453,-0.308278688369539,-0.6819075581560473,-0.6338162184688161,0.0
475,0.7001762835626448,2.6261242849118864,0.07101988133701628,-0.22962648618800865,1.0
476,-1.4550891243350579,0.550125402667412,0.3254459670418233,0.5553222703773305,0.0
477,-0.8915252951712133,-0.34639684971734164,0.9076688895478068,0.09285502728493614,0.0
478,-1.276442749975355,-0.5723237112367019,0.03603477104697628,-0.5048109062669845,0.0
479,-1.4550891243350579,0.550125402667412,0.3254459670418233,0.5553222703773305,0.0
480,-0.7075565128034367,-1.3314264413773842,0.6463604554505854,-0.5829766335818647,0.0
481,0.36258649116954117,-0.49550269350983195,1.3583446760031732,-0.023748175203080563,1.0
482,0.7001762835626448,2.6261242849118864,0.07101988133701628,-0.22962648618800865,1.0
483,-0.36446849088243427,-0.08461251665641129,-0.16065166479795778,-0.3550002304799438,0.0
484,0.5251856032823459,0.08303256650480019,0.5323293024741249,-0.007571620450919818,1.0
485,-0.7075565128034367,-1.3314264413773842,0.6463604554505854,-0.5829766335818647,0.0
486,2.6705189660727435,0.8006057309411426,0.836173489096172,-0.07984552484674394,1.0
487,-0.7075565128034367,-1.3314264413773842,0.6463604554505854,-0.5829766335818647,0.0
488,-0.7075565128034367,-1.3314264413773842,0.6463604554505854,-0.5829766335818647,0.0
489,0.36258649116954117,-0.49550269350983195,1.3583446760031732,-0.023748175203080563,1.0
490,-1.4550891243350579,0.550125402667412,0.3254459670418233,0.5553222703773305,0.0
491,0.5251856032823459,0.08303256650480019,0.5323293024741249,-0.007571620450919818,1.0
492,-0.8915252951712133,-0.34639684971734164,0.9076688895478068,0.09285502728493614,0.0
493,0.5251856032823459,0.08303256650480019,0.5323293024741249,-0.007571620450919818,1.0
494,-1.4424151395354234,-0.21164049883310954,-0.3103299600590866,0.6605373387670747,0.0
495,0.27745860013921453,-0.308278688369539,-0.6819075581560473,-0.6338162184688161,0.0
496,-1.276442749975355,-0.5723237112367019,0.03603477104697628,-0.5048109062669845,0.0
497,0.27745860013921453,-0.308278688369539,-0.6819075581560473,-0.6338162184688161,0.0
498,-1.4424151395354234,-0.21164049883310954,-0.3103299600590866,0.6605373387670747,0.0
499,0.5251856032823459,0.08303256650480019,0.5323293024741249,-0.007571620450919818,1.0
500,-1.276442749975355,-0.5723237112367019,0.03603477104697628,-0.5048109062669845,0.0
501,-0.22194546651565908,0.37598315299510465,-0.5359496648036918,-1.0923545714265355,1.0
502,-1.4550891243350579,0.550125402667412,0.3254459670418233,0.5553222703773305,0.0
503,-0.7075565128034367,-1.3314264413773842,0.6463604554505854,-0.5829766335818647,0.0
504,1.7935818289180154,-1.123528638348709,-0.9802506538121246,0.6366789986066584,1.0
505,0.5251856032823459,0.08303256650480019,0.5323293024741249,-0.007571620450919818,1.0
506,-0.8915252951712133,-0.34639684971734164,0.9076688895478068,0.09285502728493614,0.0
507,0.27745860013921453,-0.308278688369539,-0.6819075581560473,-0.6338162184688161,0.0
508,1.4839928532723496,-1.5773360010097137,-0.5169552896177511,-0.024382599039239738,1.0
509,-1.276442749975355,-0.5723237112367019,0.03603477104697628,-0.5048109062669845,0.0
510,-1.4424151395354234,-0.21164049883310954,-0.3103299600590866,0.6605373387670747,0.0
511,2.6705189660727435,0.8006057309411426,0.836173489096172,-0.07984552484674394,1.0
512,-1.276442749975355,-0.5723237112367019,0.03603477104697628,-0.5048109062669845,0.0
513,-0.05180118441080614,0.30448784719270144,-0.15689423750100356,1.6415117128842043,1.0
514,-0.7075565128034367,-1.3314264413773842,0.6463604554505854,-0.5829766335818647,0.0
515,-0.533682487342424,0.9594215822038719,-1.1281311998743706,-0.2663229249421273,0.0
516,-0.22194546651565908,0.37598315299510465,-0.5359496648036918,-1.0923545714265355,1.0
517,-0.36446849088243427,-0.08461251665641129,-0.16065166479795778,-0.3550002304799438,0.0
518,0.5251856032823459,0.08303256650480019,0.5323293024741249,-0.007571620450919818,1.0
519,-0.22194546651565908,0.37598315299510465,-0.5359496648036918,-1.0923545714265355,1.0
520,-0.7075565128034367,-1.3314264413773842,0.6463604554505854,-0.5829766335818647,0.0
521,-1.4550891243350579,0.550125402667412,0.3254459670418233,0.5553222703773305,0.0
522,1.4839928532723496,-1.5773360010097137,-0.5169552896177511,-0.024382599039239738,1.0
523,0.36258649116954117,-0.49550269350983195,1.3583446760031732,-0.023748175203080563,1.0
524,-1.4424151395354234,-0.21164049883310954,-0.3103299600590866,0.6605373387670747,0.0
525,1.4839928532723496,-1.5773360010097137,-0.5169552896177511,-0.024382599039239738,1.0
526,-0.868574175445045,0.3512654716418232,-0.2423072033756441,0.2135505429740606,1.0
527,-1.4424151395354234,-0.21164049883310954,-0.3103299600590866,0.6605373387670747,0.0
528,-0.8915252951712133,-0.34639684971734164,0.9076688895478068,0.09285502728493614,0.0
529,1.7935818289180154,-1.123528638348709,-0.9802506538121246,0.6366789986066584,1.0
530,0.36258649116954117,-0.49550269350983195,1.3583446760031732,-0.023748175203080563,1.0
531,0.7001762835626448,2.6261242849118864,0.07101988133701628,-0.22962648618800865,1.0
532,-0.868574175445045,0.3512654716418232,-0.2423072033756441,0.2135505429740606,1.0
533,1.4839928532723496,-1.5773360010097137,-0.5169552896177511,-0.024382599039239738,1.0
534,-0.36446849088243427,-0.08461251665641129,-0.16065166479795778,-0.3550002304799438,0.0
535,-0.22194546651565908,0.37598315299510465,-0.5359496648036918,-1.0923545714265355,1.0
536,0.7001762835626448,2.6261242849118864,0.07101988133701628,-0.22962648618800865,1.0
537,-0.868574175445045,0.3512654716418232,-0.2423072033756441,0.2135505429740606,1.0
538,1.7935818289180154,-1.123528638348709,-0.9802506538121246,0.6366789986066584,1.0
539,-0.868574175445045,0.3512654716418232,-0.2423072033756441,0.2135505429740606,1.0
540,-1.4424151395354234,-0.21164049883310954,-0.3103299600590866,0.6605373387670747,0.0
541,-1.4550891243350579,0.550125402667412,0.3254459670418233,0.5553222703773305,0.0
542,-0.7075565128034367,-1.3314264413773842,0.6463604554505854,-0.5829766335818647,0.0
543,-0.05180118441080614,0.30448784719270144,-0.15689423750100356,1.6415117128842043,1.0
